DROP TABLE SMP_ORG_ROLE;
CREATE TABLE SMP_ORG_ROLE ( ORG_CODE VARCHAR(255) NOT NULL, ROLE_NAME VARCHAR(255) NOT NULL, PRIMARY KEY (ORG_CODE, ROLE_NAME) );
insert into SMP_ORG_ROLE (ORG_CODE, ROLE_NAME) values ('1100', 'USER');
insert into SMP_ORG_ROLE (ORG_CODE, ROLE_NAME) values ('1101', 'RELEASER');
ALTER TABLE SMP_ORG_ROLE ADD CONSTRAINT FKE104DBAA4A519B4 FOREIGN KEY (ROLE_NAME) REFERENCES SMP_ROLE (CODE);
ALTER TABLE SMP_ORG_ROLE ADD CONSTRAINT FKE104DBAAC1D3625 FOREIGN KEY (ORG_CODE) REFERENCES SMP_ORGANIZATION (CODE);

DROP TABLE SMP_ORGANIZATION;
CREATE TABLE SMP_ORGANIZATION ( CODE VARCHAR(255) NOT NULL, NAME VARCHAR(255), DISPLAY_NAME VARCHAR(255), LEVEL_CODE VARCHAR(255), VIRTUAL SMALLINT NOT NULL, PARENT VARCHAR(255), PRIMARY KEY (CODE) );
insert into SMP_ORGANIZATION (CODE, NAME, DISPLAY_NAME, LEVEL_CODE, VIRTUAL, PARENT) values ('1100', '苏宁易购', '苏宁易购公司', '2', 0, null);
insert into SMP_ORGANIZATION (CODE, NAME, DISPLAY_NAME, LEVEL_CODE, VIRTUAL, PARENT) values ('1101', '信息中心', '苏宁易购信息中心', '3', 0, '1100');
insert into SMP_ORGANIZATION (CODE, NAME, DISPLAY_NAME, LEVEL_CODE, VIRTUAL, PARENT) values ('1102', '账务中心', '苏宁易购公司账务中心', '2', 0, '1100');
insert into SMP_ORGANIZATION (CODE, NAME, DISPLAY_NAME, LEVEL_CODE, VIRTUAL, PARENT) values ('1103', '技术部', '苏宁易购信息中心技术部', '4', 0, '1101');
insert into SMP_ORGANIZATION (CODE, NAME, DISPLAY_NAME, LEVEL_CODE, VIRTUAL, PARENT) values ('1104', '基础开发部', '苏宁易购信息中心技术部基础开发部', '5', 0, '1103');
ALTER TABLE SMP_ORGANIZATION ADD CONSTRAINT FK30DF757C2272D867 FOREIGN KEY (PARENT) REFERENCES SMP_ORGANIZATION (CODE);

DROP TABLE SMP_PROVINCE;
CREATE TABLE SMP_PROVINCE ( CODE VARCHAR(255) NOT NULL, NAME VARCHAR(255), PRIMARY KEY (CODE) );
insert into SMP_PROVINCE (CODE, NAME) values ('BEIJING', '北京市');
insert into SMP_PROVINCE (CODE, NAME) values ('JIANGSU', '江苏省');
insert into SMP_PROVINCE (CODE, NAME) values ('HUBEI', '湖北省');
insert into SMP_PROVINCE (CODE, NAME) values ('GUANGDONG', '广东省');
insert into SMP_PROVINCE (CODE, NAME) values ('CHONGQIN', '重庆市');

DROP TABLE SMP_ROLE;
CREATE TABLE SMP_ROLE ( CODE VARCHAR(255) NOT NULL, NAME VARCHAR(255), PRIMARY KEY (CODE) );
insert into SMP_ROLE (CODE, NAME) values ('ADMIN', '管理员');
insert into SMP_ROLE (CODE, NAME) values ('RELEASER', '发布者');
insert into SMP_ROLE (CODE, NAME) values ('USER', '普通用户');

DROP TABLE SMP_USER;
CREATE TABLE SMP_USER ( CODE VARCHAR(255) NOT NULL, NAME VARCHAR(255), EMAIL VARCHAR(255), GENDER SMALLINT NOT NULL, JOIN_DATE TIMESTAMP, LEVEL INTEGER, MANAGER SMALLINT NOT NULL, MOBILE_NO VARCHAR(255), TITLE VARCHAR(255), VERSION INTEGER NOT NULL, PRVN_CODE VARCHAR(255), PRIMARY KEY (CODE) );
insert into SMP_USER (CODE, NAME, EMAIL, GENDER, JOIN_DATE, LEVEL, MANAGER, MOBILE_NO, TITLE, VERSION, PRVN_CODE) values ('11111111', '欧阳继', null, 0, '2012-03-22 00:00:00', null, 0, '15996267172', null, 0, null);
insert into SMP_USER (CODE, NAME, EMAIL, GENDER, JOIN_DATE, LEVEL, MANAGER, MOBILE_NO, TITLE, VERSION, PRVN_CODE) values ('22222222', '丁栋', null, 0, '2012-03-07 00:00:00', null, 0, '13844444444', null, 0, null);
insert into SMP_USER (CODE, NAME, EMAIL, GENDER, JOIN_DATE, LEVEL, MANAGER, MOBILE_NO, TITLE, VERSION, PRVN_CODE) values ('33333333', '张健', null, 0, '2012-03-28 11:12:28', null, 0, '15996267172', null, 0, null);
insert into SMP_USER (CODE, NAME, EMAIL, GENDER, JOIN_DATE, LEVEL, MANAGER, MOBILE_NO, TITLE, VERSION, PRVN_CODE) values ('40000000', '用户0', null, 0, '2012-03-28 11:12:28', null, 0, '13888888888', null, 0, null);
insert into SMP_USER (CODE, NAME, EMAIL, GENDER, JOIN_DATE, LEVEL, MANAGER, MOBILE_NO, TITLE, VERSION, PRVN_CODE) values ('40000001', '用户1', null, 0, '2012-03-28 11:12:28', null, 0, '13888888888', null, 0, null);
insert into SMP_USER (CODE, NAME, EMAIL, GENDER, JOIN_DATE, LEVEL, MANAGER, MOBILE_NO, TITLE, VERSION, PRVN_CODE) values ('40000002', '用户2', null, 0, '2012-03-28 11:12:28', null, 0, '13888888888', null, 0, null);
insert into SMP_USER (CODE, NAME, EMAIL, GENDER, JOIN_DATE, LEVEL, MANAGER, MOBILE_NO, TITLE, VERSION, PRVN_CODE) values ('40000003', '用户3', null, 0, '2012-03-28 11:12:28', null, 0, '13888888888', null, 0, null);
insert into SMP_USER (CODE, NAME, EMAIL, GENDER, JOIN_DATE, LEVEL, MANAGER, MOBILE_NO, TITLE, VERSION, PRVN_CODE) values ('40000004', '用户4', null, 0, '2012-03-28 11:12:28', null, 0, '13888888888', null, 0, null);
insert into SMP_USER (CODE, NAME, EMAIL, GENDER, JOIN_DATE, LEVEL, MANAGER, MOBILE_NO, TITLE, VERSION, PRVN_CODE) values ('40000005', '用户5', null, 0, '2012-03-28 11:12:28', null, 0, '13888888888', null, 0, null);
insert into SMP_USER (CODE, NAME, EMAIL, GENDER, JOIN_DATE, LEVEL, MANAGER, MOBILE_NO, TITLE, VERSION, PRVN_CODE) values ('40000006', '用户6', null, 0, '2012-03-28 11:12:28', null, 0, '13888888888', null, 0, null);
insert into SMP_USER (CODE, NAME, EMAIL, GENDER, JOIN_DATE, LEVEL, MANAGER, MOBILE_NO, TITLE, VERSION, PRVN_CODE) values ('40000007', '用户7', null, 0, '2012-03-28 11:12:28', null, 0, '13888888888', null, 0, null);
insert into SMP_USER (CODE, NAME, EMAIL, GENDER, JOIN_DATE, LEVEL, MANAGER, MOBILE_NO, TITLE, VERSION, PRVN_CODE) values ('40000008', '用户8', null, 0, '2012-03-28 11:12:28', null, 0, '13888888888', null, 0, null);
insert into SMP_USER (CODE, NAME, EMAIL, GENDER, JOIN_DATE, LEVEL, MANAGER, MOBILE_NO, TITLE, VERSION, PRVN_CODE) values ('40000009', '用户9', null, 0, '2012-03-28 11:12:28', null, 0, '13888888888', null, 0, null);
insert into SMP_USER (CODE, NAME, EMAIL, GENDER, JOIN_DATE, LEVEL, MANAGER, MOBILE_NO, TITLE, VERSION, PRVN_CODE) values ('40000010', '用户10', null, 0, '2012-03-28 11:12:28', null, 0, '13888888888', null, 0, null);
insert into SMP_USER (CODE, NAME, EMAIL, GENDER, JOIN_DATE, LEVEL, MANAGER, MOBILE_NO, TITLE, VERSION, PRVN_CODE) values ('40000011', '用户11', null, 0, '2012-03-28 11:12:28', null, 0, '13888888888', null, 0, null);
insert into SMP_USER (CODE, NAME, EMAIL, GENDER, JOIN_DATE, LEVEL, MANAGER, MOBILE_NO, TITLE, VERSION, PRVN_CODE) values ('40000012', '用户12', null, 0, '2012-03-28 11:12:28', null, 0, '13888888888', null, 0, null);
insert into SMP_USER (CODE, NAME, EMAIL, GENDER, JOIN_DATE, LEVEL, MANAGER, MOBILE_NO, TITLE, VERSION, PRVN_CODE) values ('40000013', '用户13', null, 0, '2012-03-28 11:12:28', null, 0, '13888888888', null, 0, null);
insert into SMP_USER (CODE, NAME, EMAIL, GENDER, JOIN_DATE, LEVEL, MANAGER, MOBILE_NO, TITLE, VERSION, PRVN_CODE) values ('40000014', '用户14', null, 0, '2012-03-28 11:12:28', null, 0, '13888888888', null, 0, null);
insert into SMP_USER (CODE, NAME, EMAIL, GENDER, JOIN_DATE, LEVEL, MANAGER, MOBILE_NO, TITLE, VERSION, PRVN_CODE) values ('40000015', '用户15', null, 0, '2012-03-28 11:12:28', null, 0, '13888888888', null, 0, null);
insert into SMP_USER (CODE, NAME, EMAIL, GENDER, JOIN_DATE, LEVEL, MANAGER, MOBILE_NO, TITLE, VERSION, PRVN_CODE) values ('40000016', '用户16', null, 0, '2012-03-28 11:12:28', null, 0, '13888888888', null, 0, null);
insert into SMP_USER (CODE, NAME, EMAIL, GENDER, JOIN_DATE, LEVEL, MANAGER, MOBILE_NO, TITLE, VERSION, PRVN_CODE) values ('40000017', '用户17', null, 0, '2012-03-28 11:12:28', null, 0, '13888888888', null, 0, null);
insert into SMP_USER (CODE, NAME, EMAIL, GENDER, JOIN_DATE, LEVEL, MANAGER, MOBILE_NO, TITLE, VERSION, PRVN_CODE) values ('40000018', '用户18', null, 0, '2012-03-28 11:12:28', null, 0, '13888888888', null, 0, null);
insert into SMP_USER (CODE, NAME, EMAIL, GENDER, JOIN_DATE, LEVEL, MANAGER, MOBILE_NO, TITLE, VERSION, PRVN_CODE) values ('40000019', '用户19', null, 0, '2012-03-28 11:12:28', null, 0, '13888888888', null, 0, null);
insert into SMP_USER (CODE, NAME, EMAIL, GENDER, JOIN_DATE, LEVEL, MANAGER, MOBILE_NO, TITLE, VERSION, PRVN_CODE) values ('40000020', '用户20', null, 0, '2012-03-28 11:12:28', null, 0, '13888888888', null, 0, null);
insert into SMP_USER (CODE, NAME, EMAIL, GENDER, JOIN_DATE, LEVEL, MANAGER, MOBILE_NO, TITLE, VERSION, PRVN_CODE) values ('40000021', '用户21', null, 0, '2012-03-28 11:12:28', null, 0, '13888888888', null, 0, null);
insert into SMP_USER (CODE, NAME, EMAIL, GENDER, JOIN_DATE, LEVEL, MANAGER, MOBILE_NO, TITLE, VERSION, PRVN_CODE) values ('40000022', '用户22', null, 0, '2012-03-28 11:12:28', null, 0, '13888888888', null, 0, null);
insert into SMP_USER (CODE, NAME, EMAIL, GENDER, JOIN_DATE, LEVEL, MANAGER, MOBILE_NO, TITLE, VERSION, PRVN_CODE) values ('40000023', '用户23', null, 0, '2012-03-28 11:12:28', null, 0, '13888888888', null, 0, null);
insert into SMP_USER (CODE, NAME, EMAIL, GENDER, JOIN_DATE, LEVEL, MANAGER, MOBILE_NO, TITLE, VERSION, PRVN_CODE) values ('40000024', '用户24', null, 0, '2012-03-28 11:12:28', null, 0, '13888888888', null, 0, null);
insert into SMP_USER (CODE, NAME, EMAIL, GENDER, JOIN_DATE, LEVEL, MANAGER, MOBILE_NO, TITLE, VERSION, PRVN_CODE) values ('40000025', '用户25', null, 0, '2012-03-28 11:12:28', null, 0, '13888888888', null, 0, null);
insert into SMP_USER (CODE, NAME, EMAIL, GENDER, JOIN_DATE, LEVEL, MANAGER, MOBILE_NO, TITLE, VERSION, PRVN_CODE) values ('40000026', '用户26', null, 0, '2012-03-28 11:12:28', null, 0, '13888888888', null, 0, null);
insert into SMP_USER (CODE, NAME, EMAIL, GENDER, JOIN_DATE, LEVEL, MANAGER, MOBILE_NO, TITLE, VERSION, PRVN_CODE) values ('40000027', '用户27', null, 0, '2012-03-28 11:12:28', null, 0, '13888888888', null, 0, null);
insert into SMP_USER (CODE, NAME, EMAIL, GENDER, JOIN_DATE, LEVEL, MANAGER, MOBILE_NO, TITLE, VERSION, PRVN_CODE) values ('40000028', '用户28', null, 0, '2012-03-28 11:12:28', null, 0, '13888888888', null, 0, null);
insert into SMP_USER (CODE, NAME, EMAIL, GENDER, JOIN_DATE, LEVEL, MANAGER, MOBILE_NO, TITLE, VERSION, PRVN_CODE) values ('40000029', '用户29', null, 0, '2012-03-28 11:12:28', null, 0, '13888888888', null, 0, null);
insert into SMP_USER (CODE, NAME, EMAIL, GENDER, JOIN_DATE, LEVEL, MANAGER, MOBILE_NO, TITLE, VERSION, PRVN_CODE) values ('mybatistest', 'MYBATIS', null, 1, null, null, 1, null, null, 1, null);
insert into SMP_USER (CODE, NAME, EMAIL, GENDER, JOIN_DATE, LEVEL, MANAGER, MOBILE_NO, TITLE, VERSION, PRVN_CODE) values ('code1', null, null, 1, '2012-03-29 16:56:27', null, 0, '13333333333', null, 0, null);
ALTER TABLE SMP_USER ADD CONSTRAINT FKF4BECD14E3DDA82C FOREIGN KEY (PRVN_CODE) REFERENCES SMP_PROVINCE (CODE);

DROP TABLE SMP_USER_ORG;
CREATE TABLE SMP_USER_ORG ( MANAGER SMALLINT NOT NULL, PRIMARY_JOB SMALLINT NOT NULL, USER_CODE VARCHAR(255) NOT NULL, ORG_CODE VARCHAR(255) NOT NULL, PRIMARY KEY (USER_CODE, ORG_CODE) );
insert into SMP_USER_ORG (MANAGER, PRIMARY_JOB, USER_CODE, ORG_CODE) values (0, 1, '11111111', '1101');
insert into SMP_USER_ORG (MANAGER, PRIMARY_JOB, USER_CODE, ORG_CODE) values (0, 1, '22222222', '1101');
insert into SMP_USER_ORG (MANAGER, PRIMARY_JOB, USER_CODE, ORG_CODE) values (0, 1, '22222222', '1102');
insert into SMP_USER_ORG (MANAGER, PRIMARY_JOB, USER_CODE, ORG_CODE) values (0, 1, '33333333', '1102');
insert into SMP_USER_ORG (MANAGER, PRIMARY_JOB, USER_CODE, ORG_CODE) values (0, 1, '40000000', '1101');
insert into SMP_USER_ORG (MANAGER, PRIMARY_JOB, USER_CODE, ORG_CODE) values (0, 1, '40000001', '1101');
insert into SMP_USER_ORG (MANAGER, PRIMARY_JOB, USER_CODE, ORG_CODE) values (0, 1, '40000002', '1101');
insert into SMP_USER_ORG (MANAGER, PRIMARY_JOB, USER_CODE, ORG_CODE) values (0, 1, '40000003', '1101');
insert into SMP_USER_ORG (MANAGER, PRIMARY_JOB, USER_CODE, ORG_CODE) values (0, 1, '40000004', '1101');
insert into SMP_USER_ORG (MANAGER, PRIMARY_JOB, USER_CODE, ORG_CODE) values (0, 1, '40000005', '1101');
insert into SMP_USER_ORG (MANAGER, PRIMARY_JOB, USER_CODE, ORG_CODE) values (0, 1, '40000006', '1101');
insert into SMP_USER_ORG (MANAGER, PRIMARY_JOB, USER_CODE, ORG_CODE) values (0, 1, '40000007', '1101');
insert into SMP_USER_ORG (MANAGER, PRIMARY_JOB, USER_CODE, ORG_CODE) values (0, 1, '40000008', '1101');
insert into SMP_USER_ORG (MANAGER, PRIMARY_JOB, USER_CODE, ORG_CODE) values (0, 1, '40000009', '1101');
insert into SMP_USER_ORG (MANAGER, PRIMARY_JOB, USER_CODE, ORG_CODE) values (0, 1, '40000010', '1101');
insert into SMP_USER_ORG (MANAGER, PRIMARY_JOB, USER_CODE, ORG_CODE) values (0, 1, '40000011', '1101');
insert into SMP_USER_ORG (MANAGER, PRIMARY_JOB, USER_CODE, ORG_CODE) values (0, 1, '40000012', '1101');
insert into SMP_USER_ORG (MANAGER, PRIMARY_JOB, USER_CODE, ORG_CODE) values (0, 1, '40000013', '1101');
insert into SMP_USER_ORG (MANAGER, PRIMARY_JOB, USER_CODE, ORG_CODE) values (0, 1, '40000014', '1101');
insert into SMP_USER_ORG (MANAGER, PRIMARY_JOB, USER_CODE, ORG_CODE) values (0, 1, '40000015', '1101');
insert into SMP_USER_ORG (MANAGER, PRIMARY_JOB, USER_CODE, ORG_CODE) values (0, 1, '40000016', '1101');
insert into SMP_USER_ORG (MANAGER, PRIMARY_JOB, USER_CODE, ORG_CODE) values (0, 1, '40000017', '1101');
insert into SMP_USER_ORG (MANAGER, PRIMARY_JOB, USER_CODE, ORG_CODE) values (0, 1, '40000018', '1101');
insert into SMP_USER_ORG (MANAGER, PRIMARY_JOB, USER_CODE, ORG_CODE) values (0, 1, '40000019', '1101');
insert into SMP_USER_ORG (MANAGER, PRIMARY_JOB, USER_CODE, ORG_CODE) values (0, 1, '40000020', '1101');
insert into SMP_USER_ORG (MANAGER, PRIMARY_JOB, USER_CODE, ORG_CODE) values (0, 1, '40000021', '1101');
insert into SMP_USER_ORG (MANAGER, PRIMARY_JOB, USER_CODE, ORG_CODE) values (0, 1, '40000022', '1101');
insert into SMP_USER_ORG (MANAGER, PRIMARY_JOB, USER_CODE, ORG_CODE) values (0, 1, '40000023', '1101');
insert into SMP_USER_ORG (MANAGER, PRIMARY_JOB, USER_CODE, ORG_CODE) values (0, 1, '40000024', '1101');
insert into SMP_USER_ORG (MANAGER, PRIMARY_JOB, USER_CODE, ORG_CODE) values (0, 1, '40000025', '1101');
insert into SMP_USER_ORG (MANAGER, PRIMARY_JOB, USER_CODE, ORG_CODE) values (0, 1, '40000026', '1101');
insert into SMP_USER_ORG (MANAGER, PRIMARY_JOB, USER_CODE, ORG_CODE) values (0, 1, '40000027', '1101');
insert into SMP_USER_ORG (MANAGER, PRIMARY_JOB, USER_CODE, ORG_CODE) values (0, 1, '40000028', '1101');
insert into SMP_USER_ORG (MANAGER, PRIMARY_JOB, USER_CODE, ORG_CODE) values (0, 1, '40000029', '1101');
ALTER TABLE SMP_USER_ORG ADD CONSTRAINT FKAFD70139A4D71A36 FOREIGN KEY (USER_CODE) REFERENCES SMP_USER (CODE);
ALTER TABLE SMP_USER_ORG ADD CONSTRAINT FKAFD70139AC1D3625 FOREIGN KEY (ORG_CODE) REFERENCES SMP_ORGANIZATION (CODE);

DROP TABLE SMP_USER_ROLE;
CREATE TABLE SMP_USER_ROLE ( USER_CODE VARCHAR(255) NOT NULL, ROLE_NAME VARCHAR(255) NOT NULL, PRIMARY KEY (USER_CODE, ROLE_NAME) );
insert into SMP_USER_ROLE (USER_CODE, ROLE_NAME) values ('11111111', 'ADMIN');
ALTER TABLE SMP_USER_ROLE ADD CONSTRAINT FK4B0A78C1A4A519B4 FOREIGN KEY (ROLE_NAME) REFERENCES SMP_ROLE (CODE);
ALTER TABLE SMP_USER_ROLE ADD CONSTRAINT FK4B0A78C1A4D71A36 FOREIGN KEY (USER_CODE) REFERENCES SMP_USER (CODE);

DROP TABLE SMP_MENU;
CREATE TABLE SMP_MENU ( MENU_ID BIGINT NOT NULL, ANCESTORS VARCHAR(100), AUDITED_BY VARCHAR(20), CREATED_BY VARCHAR(20), DATE_AUDITED TIMESTAMP, DATE_CREATED TIMESTAMP, DATE_UPDATED TIMESTAMP, DESCRIPTION VARCHAR(255), ICON VARCHAR(100), ICON_OPEN VARCHAR(100), LINK VARCHAR(100), MENU_CODE VARCHAR(10), NAME VARCHAR(64), PARENT_ID BIGINT, STATUS VARCHAR(10), TARGET VARCHAR(20), TYPE VARCHAR(10), UPDATED_BY VARCHAR(20), PRIMARY KEY (MENU_ID) );
ALTER TABLE SMP_MENU ADD CONSTRAINT FKF4BAF6A85235FAD9 FOREIGN KEY (PARENT_ID) REFERENCES SMP_MENU (MENU_ID);

DROP TABLE SMP_GENTBL;
CREATE TABLE SMP_GENTBL ( ID BIGINT NOT NULL GENERATED ALWAYS AS IDENTITY, NAME VARCHAR(255), CONSTRAINT CC1331523852265 PRIMARY KEY (ID) );
insert into SMP_GENTBL (ID, NAME) values (1, 'yangdc');
insert into SMP_GENTBL (ID, NAME) values (2, 'yangdc');
insert into SMP_GENTBL (ID, NAME) values (3, 'yangdc');
insert into SMP_GENTBL (ID, NAME) values (4, 'yangdc');
insert into SMP_GENTBL (ID, NAME) values (5, 'yangdc');
insert into SMP_GENTBL (ID, NAME) values (6, 'yangdc');
insert into SMP_GENTBL (ID, NAME) values (7, 'yangdc');
insert into SMP_GENTBL (ID, NAME) values (8, 'yangdc');
insert into SMP_GENTBL (ID, NAME) values (9, 'yangdc');
insert into SMP_GENTBL (ID, NAME) values (10, 'yangdc');

